id,winner_model_a,winner_model_b,winner_tie
136060,0.3751521,0.32361174,0.3012362
211333,0.37562948,0.28825548,0.33611506
1233961,0.37500054,0.28782812,0.33717135
